ID,Cohort,Program,College,major_2,concentration_1,hrs_enrolled,gender,state,ipeds_ethnicity,resid_commuter_sts,sport_1,sport_1_b,sport_2,sport_2_b,first_gen,hs_gpa,pell_eligible,ret_label,ret_label_b
0,87,44,2,0,0,15,1,14,6,2,25,0,5,0,0,3.33,0,3,1
2,87,24,2,0,0,16,1,14,6,2,25,0,5,0,0,4,1,0,0
4,79,50,2,0,0,18,1,8,6,2,15,1,4,1,0,3.99,0,3,1
7,87,44,2,0,0,15,1,8,2,2,25,0,5,0,0,3.79,0,0,0
8,87,39,1,0,0,15,0,8,1,2,25,0,5,0,0,2.93,1,0,0
11,79,8,3,0,0,15,0,17,6,2,8,1,5,0,1,3.95,0,3,1
14,79,57,3,0,0,15,0,8,6,2,5,1,5,0,1,3.93,1,0,0
15,79,59,0,0,0,15,0,8,3,2,5,1,5,0,1,3.62,0,0,0
16,79,57,3,0,0,16,0,8,6,2,25,0,5,0,0,3.03,1,0,0
17,87,24,2,0,0,16,1,8,1,2,25,0,5,0,1,3.43,1,3,1
20,79,36,1,0,0,15,0,14,2,2,25,0,5,0,1,3.81,1,3,1
23,79,37,1,0,0,15,0,14,6,2,5,1,5,0,1,3.65,0,3,1
28,79,57,3,0,0,18,1,11,6,2,19,1,5,0,0,3.24,0,3,1
30,79,16,3,0,1,16,1,11,6,2,25,0,5,0,0,3.81,0,3,1
31,79,37,1,0,0,15,0,11,6,2,7,1,5,0,0,3.43,0,3,1
32,79,49,2,0,1,16,0,11,6,2,9,1,5,0,0,3.95,0,3,1
37,87,59,0,0,0,15,0,11,2,2,5,1,5,0,0,2.97,1,0,0
38,87,33,2,0,0,16,1,11,6,2,25,0,5,0,0,3.93,0,3,1
39,87,52,1,0,0,12,1,11,0,2,25,0,5,0,1,3.68,0,3,1
40,87,7,3,0,0,15,0,11,6,2,2,1,5,0,1,3.55,0,3,1
41,87,8,3,0,0,15,0,11,4,2,8,1,5,0,0,3.35,0,0,0
48,87,5,1,0,0,14,1,14,6,2,21,1,5,0,0,4,0,3,1
51,79,31,2,0,0,16,0,14,6,2,5,1,2,1,0,3.62,0,3,1
54,79,0,3,0,0,15,0,14,6,2,5,1,2,1,0,3.65,1,3,1
55,79,57,3,0,0,15,0,14,2,2,5,1,5,0,1,2.5,1,3,1
56,79,13,3,0,0,15,0,14,6,2,5,1,5,0,1,2.81,0,3,1
57,79,44,2,0,1,15,1,14,6,2,15,1,4,1,1,3.76,0,3,1
58,79,8,3,0,0,15,0,14,6,2,5,1,2,1,1,3.48,0,1,0
59,79,29,1,0,0,15,0,14,6,2,5,1,5,0,0,2.65,0,3,1
60,79,57,3,0,0,15,0,14,1,2,5,1,5,0,1,2.28,1,0,0
67,87,13,3,0,0,15,0,14,2,2,2,1,5,0,0,3.32,0,3,1
68,87,44,2,0,0,15,0,14,6,2,12,1,5,0,0,3.74,0,3,1
69,87,8,3,0,0,15,1,14,6,2,0,1,5,0,0,3.15,0,3,1
70,87,57,3,0,0,15,0,14,6,2,7,1,5,0,0,3.73,0,3,1
71,87,52,1,0,0,15,1,14,6,2,25,0,5,0,0,2.7,1,0,0
72,87,59,0,0,0,15,0,14,6,2,5,1,5,0,1,3.8,0,3,1
73,87,31,2,0,0,16,1,14,6,2,18,1,5,0,1,3,0,3,1
74,87,29,1,0,0,15,0,14,6,2,5,1,5,0,0,3.16,0,3,1
97,79,46,1,0,0,17,1,14,6,2,25,0,5,0,0,3.65,0,3,1
100,79,50,2,0,1,16,1,14,6,2,25,0,5,0,1,3.93,1,3,1
101,79,21,1,0,1,15,1,14,6,2,25,0,5,0,1,3.95,0,3,1
102,79,33,2,0,0,16,1,14,6,2,25,0,5,0,0,3.89,1,3,1
103,79,50,2,0,1,17,1,14,6,2,25,0,5,0,1,3.98,0,3,1
104,79,16,3,0,0,16,0,14,6,2,25,0,5,0,1,3.63,1,3,1
105,79,17,3,0,0,15,0,14,4,2,11,1,5,0,1,2.85,1,3,1
112,87,54,1,0,0,14,1,14,6,2,21,1,5,0,1,3.5,0,0,0
113,87,44,2,0,0,12,1,14,6,2,25,0,5,0,0,3.88,0,3,1
114,87,46,1,0,0,16,1,14,6,2,25,0,5,0,0,3.88,0,3,1
115,87,54,1,0,0,15,1,14,6,2,21,1,5,0,0,3.88,0,3,1
116,87,44,2,0,0,15,1,14,6,2,17,1,5,0,1,3.75,0,3,1
117,87,50,2,0,0,15,1,14,6,2,25,0,5,0,0,3.88,0,3,1
118,87,49,2,0,0,17,1,14,6,2,21,1,5,0,0,3.95,0,3,1
119,87,44,2,0,0,15,1,14,6,2,23,1,5,0,0,3.88,0,3,1
137,79,5,1,0,0,15,1,16,3,2,22,1,5,0,0,4,0,3,1
140,79,24,2,0,1,17,1,12,6,2,25,0,5,0,0,3.76,0,3,1
141,79,50,2,0,1,12,1,12,6,2,21,1,5,0,1,3.91,0,3,1
142,79,57,3,0,0,15,0,12,1,2,4,1,2,1,1,3,1,1,0
146,87,8,3,0,0,15,0,12,6,2,7,1,5,0,0,3.15,0,0,0
153,79,5,1,0,0,17,0,14,6,2,25,0,5,0,0,3.23,0,3,1
156,79,37,1,0,0,15,0,14,6,2,12,1,5,0,0,3.8,1,3,1
157,79,9,3,0,0,16,0,14,6,2,25,0,5,0,1,3.6,0,3,1
158,79,16,3,0,1,16,1,14,6,2,20,1,5,0,1,3.84,0,3,1
159,79,57,3,0,0,15,0,14,1,0,25,0,5,0,1,2.4,1,0,0
160,79,52,1,0,0,16,0,14,6,2,12,1,5,0,0,3.1,0,0,0
161,79,17,3,0,0,15,0,14,4,0,25,0,5,0,1,2,1,0,0
165,87,31,2,0,0,16,1,14,1,2,19,1,5,0,1,3.33,0,3,1
166,87,31,2,0,0,16,0,14,6,2,5,1,5,0,0,3.7,0,3,1
176,87,51,1,1,0,15,0,11,1,2,5,1,5,0,0,2.65,1,0,0
177,79,50,2,0,0,18,1,11,6,2,25,0,5,0,0,3.68,0,3,1
179,79,33,2,0,0,16,1,11,6,2,25,0,5,0,0,3.83,1,3,1
180,79,33,2,0,0,13,1,11,6,2,20,1,5,0,0,3.5,0,3,1
181,79,15,3,0,0,15,0,11,6,2,8,1,5,0,0,3.42,0,3,1
186,87,33,2,0,0,17,1,11,6,2,25,0,5,0,0,3.91,0,3,1
187,87,57,3,0,0,15,0,11,6,2,8,1,5,0,0,3.92,1,0,0
188,87,29,1,0,0,15,0,11,6,2,7,1,5,0,0,3.57,0,3,1
189,87,32,2,0,0,16,0,11,6,2,10,1,5,0,0,3.16,0,3,1
190,87,31,2,0,0,16,0,11,2,2,5,1,2,1,1,3.88,1,3,1
191,87,8,3,0,0,15,0,11,6,2,10,1,5,0,1,3.8,0,3,1
192,87,59,0,0,0,13,1,11,6,2,25,0,5,0,0,2.3,1,0,0
193,87,59,0,0,0,15,0,11,2,2,8,1,5,0,0,3.1,0,3,1
205,87,29,1,0,0,15,0,8,6,2,5,1,5,0,0,2.76,0,3,1
206,87,57,3,0,0,15,0,8,4,2,5,1,5,0,0,2.4,0,3,1
208,79,4,1,0,0,15,0,11,1,2,5,1,2,1,0,2.9,0,1,0
209,79,25,2,1,1,15,1,11,6,2,25,0,5,0,0,3.81,0,3,1
212,79,49,2,0,0,16,0,11,6,2,5,1,5,0,0,3.27,0,3,1
213,79,49,2,0,1,16,1,11,6,2,16,1,5,0,0,3.88,0,3,1
214,79,57,3,0,0,15,0,11,1,2,3,1,5,0,1,2.65,1,3,1
219,87,57,3,0,0,15,0,11,1,2,25,0,5,0,0,2.67,1,0,0
220,87,29,1,0,0,15,0,11,6,2,12,1,5,0,1,3.95,0,3,1
227,87,50,2,0,0,15,1,11,6,2,25,0,5,0,0,3.81,0,3,1
229,87,59,0,0,0,15,0,11,6,2,9,1,5,0,1,3.65,0,3,1
233,87,4,1,0,0,14,1,14,6,2,25,0,5,0,0,3.17,0,3,1
235,79,33,2,0,1,13,1,14,6,2,23,1,5,0,0,4,0,3,1
239,79,24,2,0,1,15,1,14,6,2,25,0,5,0,1,4,0,3,1
241,87,24,2,0,0,16,1,14,6,2,25,0,5,0,0,3.38,0,3,1
242,87,33,2,0,0,16,1,14,6,2,23,1,5,0,0,3.65,1,3,1
243,87,33,2,0,0,16,1,14,6,2,25,0,5,0,1,3.35,1,3,1
244,87,3,1,0,0,15,1,14,6,2,25,0,5,0,0,3.35,0,0,0
245,87,49,2,0,0,16,0,14,3,2,25,0,5,0,1,3.15,1,0,0
246,87,24,2,0,0,15,1,14,6,2,25,0,5,0,1,4,0,3,1
247,87,0,3,0,0,16,0,14,6,2,25,0,5,0,1,3.15,1,0,0
248,87,52,1,0,0,13,1,14,6,2,25,0,5,0,1,2.85,1,0,0
259,79,49,2,0,0,13,1,8,6,2,20,1,5,0,0,3.95,0,3,1
263,87,44,2,0,0,12,1,12,6,2,25,0,5,0,0,3.82,0,0,0
264,87,4,1,0,0,15,1,8,6,2,25,0,5,0,0,3.97,0,3,1
266,87,8,3,0,0,15,0,8,6,2,3,1,5,0,1,3.67,1,3,1
267,87,31,2,0,0,16,0,8,6,2,5,1,5,0,0,3.76,0,3,1
270,87,49,2,0,0,16,1,14,6,2,15,1,4,1,1,3.93,0,3,1
275,79,17,3,0,0,15,0,12,6,2,9,1,5,0,1,3,0,3,1
278,79,59,0,0,0,15,0,17,1,2,5,1,5,0,1,2.5,1,3,1
281,79,49,2,0,0,16,1,14,6,2,20,1,5,0,0,3.17,0,3,1
282,79,16,3,0,0,16,0,14,6,2,2,1,5,0,0,3.3,0,1,0
283,79,59,0,0,0,15,0,14,6,0,25,0,5,0,0,2.85,0,0,0
284,79,33,2,0,0,16,1,14,6,2,24,1,5,0,0,4,0,3,1
285,79,40,1,0,0,15,0,14,6,0,25,0,5,0,0,2.69,0,0,0
289,87,13,3,0,0,15,0,14,6,2,3,1,5,0,0,3.49,0,3,1
290,87,41,1,0,0,15,0,14,6,2,5,1,5,0,0,3,0,3,1
291,87,57,3,0,0,15,0,14,6,2,5,1,5,0,1,3.15,1,3,1
304,87,24,2,0,0,16,1,14,6,2,25,0,5,0,0,3.88,0,3,1
306,79,4,1,0,0,14,1,14,6,2,25,0,5,0,1,3.65,1,3,1
308,87,6,1,0,0,15,1,14,2,0,25,0,5,0,1,3.9,1,3,1
310,79,50,2,0,0,12,1,14,6,2,25,0,5,0,1,3.875,0,3,1
313,79,50,2,0,0,14,1,14,6,0,25,0,5,0,1,3.65,0,3,1
314,87,50,2,0,0,15,1,14,6,2,25,0,5,0,0,3.75,1,3,1
315,79,25,2,1,0,15,1,14,6,2,25,0,5,0,1,3.65,0,3,1
318,79,16,3,0,0,16,1,14,6,2,0,1,5,0,0,4,0,3,1
319,79,44,2,0,0,15,1,14,6,0,25,0,5,0,1,3.45,0,3,1
320,79,44,2,0,1,15,1,14,6,2,25,0,5,0,1,3.95,1,3,1
326,87,33,2,0,0,16,1,14,6,2,25,0,5,0,0,3.65,0,3,1
327,87,52,1,0,0,15,1,14,6,0,25,0,5,0,0,3.88,1,3,1
329,87,52,1,0,0,15,1,14,6,2,25,0,5,0,0,3.88,0,3,1
330,87,35,3,0,0,16,1,14,6,2,25,0,5,0,1,3.98,1,0,0
331,87,49,2,0,0,16,0,14,0,2,11,1,5,0,0,3.5,0,3,1
332,87,34,3,0,0,15,1,14,6,2,16,1,5,0,0,3.15,1,0,0
333,87,44,2,0,0,15,1,14,6,2,25,0,5,0,1,3.88,1,3,1
349,79,33,2,0,0,16,1,14,6,2,25,0,5,0,1,3.67,1,0,0
350,87,4,1,0,0,15,1,14,6,2,25,0,5,0,0,4,0,3,1
352,79,8,3,0,0,15,0,14,6,2,25,0,5,0,1,3.35,0,3,1
359,87,4,1,0,0,14,0,14,6,2,25,0,5,0,0,4,0,0,0
360,79,13,3,0,0,15,0,14,2,2,25,0,5,0,0,3.15,0,0,0
362,87,0,3,0,0,15,0,14,6,2,25,0,5,0,1,3.65,0,0,0
363,87,24,2,0,0,16,1,14,6,2,25,0,5,0,1,3.65,0,3,1
364,87,50,2,0,0,12,1,14,6,2,25,0,5,0,0,3.88,0,0,0
365,87,16,3,0,0,16,0,14,6,2,2,1,5,0,0,3.88,0,3,1
374,79,49,2,0,1,13,1,14,6,2,24,1,5,0,0,3.95,0,3,1
375,79,0,3,0,0,15,0,14,6,2,7,1,5,0,0,3.35,0,3,1
376,79,33,2,0,1,13,1,14,6,2,25,0,5,0,0,3.99,0,3,1
377,79,16,3,0,1,16,1,14,6,2,24,1,5,0,0,4,0,3,1
382,87,24,2,0,0,16,1,14,6,2,25,0,5,0,0,3.35,0,0,0
383,87,43,1,0,0,16,0,14,6,2,25,0,5,0,0,3.28,0,0,0
384,87,59,0,0,0,15,0,14,6,2,2,1,5,0,0,3.28,0,3,1
385,87,0,3,0,0,15,0,14,6,2,2,1,5,0,0,3.35,1,3,1
397,87,57,3,0,0,15,0,2,1,2,5,1,5,0,1,3.35,1,0,0
398,87,0,3,0,0,15,0,2,1,2,5,1,5,0,1,2.69,0,0,0
399,87,49,2,0,0,15,1,12,6,2,25,0,5,0,0,3.5,0,3,1
401,87,49,2,0,0,16,1,12,2,2,25,0,5,0,0,3,0,3,1
402,87,52,1,0,0,16,1,12,6,2,25,0,5,0,1,2.5,0,3,1
407,79,44,2,0,0,12,1,14,6,2,25,0,5,0,1,4,1,3,1
408,79,50,2,0,0,15,0,14,6,2,5,1,5,0,0,3.65,0,3,1
413,87,4,1,0,0,15,0,12,6,2,5,1,5,0,0,3.5,0,0,0
414,79,33,2,0,0,13,1,12,6,2,16,1,5,0,0,3.91,0,3,1
415,79,57,3,0,0,13,1,12,1,2,25,0,5,0,1,0,1,3,1
418,87,0,3,0,0,15,1,12,6,2,24,1,5,0,0,3.35,0,3,1
423,79,31,2,0,0,15,0,11,3,2,25,0,5,0,0,2.42,0,0,0
424,79,59,0,0,0,12,0,11,6,2,25,0,5,0,1,2.84,1,0,0
425,79,31,2,0,0,16,0,11,2,2,25,0,5,0,1,3.57,0,0,0
426,79,57,3,0,0,16,0,11,2,2,25,0,5,0,1,2.93,1,0,0
427,87,18,3,0,0,15,0,11,6,2,7,1,5,0,0,3.25,0,3,1
431,87,50,2,0,0,15,0,17,2,2,25,0,5,0,1,3.34,1,0,0
432,79,57,3,0,0,15,1,1,6,2,25,0,5,0,1,3.28,0,0,0
433,79,16,3,0,0,15,0,1,6,2,9,1,5,0,0,4,0,3,1
434,79,54,1,0,0,16,1,1,6,2,25,0,5,0,0,3.95,1,3,1
435,79,15,3,0,0,15,0,1,6,2,25,0,5,0,1,3.23,0,0,0
441,87,32,2,0,0,13,0,14,6,2,5,1,5,0,0,4,0,3,1
445,79,4,1,0,0,14,1,12,6,2,25,0,5,0,1,3.15,1,3,1
448,87,44,2,0,0,15,0,16,2,2,3,1,5,0,0,3.48,0,0,0
449,87,4,1,0,0,15,0,11,6,2,11,1,5,0,0,3,0,3,1
450,79,40,1,0,0,18,0,11,6,2,2,1,5,0,0,2.81,0,3,1
452,79,24,2,0,0,14,1,11,6,2,25,0,5,0,0,3.7,0,3,1
462,79,24,2,0,0,14,1,7,6,2,25,0,5,0,0,3.9,0,3,1
465,79,57,3,0,0,16,0,8,6,2,7,1,5,0,1,3,0,3,1
469,79,52,1,0,0,15,0,16,1,2,3,1,5,0,0,2.5,1,3,1
472,79,29,1,0,1,16,1,1,6,2,19,1,5,0,0,3.98,0,3,1
475,79,33,2,0,1,16,1,1,6,2,25,0,5,0,0,3.83,0,3,1
480,79,49,2,0,0,16,1,4,6,2,18,1,5,0,1,3.27,0,3,1
481,79,16,3,0,1,16,0,4,6,2,12,1,5,0,0,3.88,1,0,0
483,87,8,3,0,0,15,0,10,6,2,2,1,5,0,0,3.5,0,3,1
487,79,57,3,0,0,15,0,11,6,2,2,1,5,0,0,3,0,0,0
489,79,54,1,0,0,16,0,11,6,2,9,1,5,0,0,3.65,1,3,1
490,79,49,2,0,0,16,0,11,1,2,5,1,5,0,0,3,1,1,0
493,87,33,2,0,0,16,1,11,6,2,25,0,5,0,1,3.99,0,3,1
494,87,57,3,0,0,15,0,11,6,2,5,1,5,0,1,3.15,1,3,1
495,87,59,0,0,0,16,1,11,6,2,0,1,5,0,0,2.65,1,0,0
499,87,22,1,0,0,16,0,6,5,2,1,1,5,0,1,0,0,3,1
500,87,57,3,0,0,15,0,17,1,2,5,1,5,0,1,2.92,0,0,0
501,87,18,3,0,0,15,0,14,6,2,3,1,5,0,0,3,0,3,1
504,79,0,3,0,0,15,0,3,6,2,9,1,5,0,0,3.88,0,3,1
508,79,50,2,0,0,12,1,12,6,2,25,0,5,0,0,3.84,0,3,1
509,79,24,2,0,0,14,1,12,6,2,25,0,5,0,0,3.82,0,3,1
512,87,17,3,0,0,16,0,12,1,2,3,1,5,0,0,3.2,0,3,1
516,79,52,1,0,0,15,1,14,6,2,25,0,5,0,1,3.75,0,3,1
518,87,4,1,0,0,15,1,14,6,0,25,0,5,0,0,3,0,0,0
519,87,4,1,0,0,15,1,14,1,2,22,1,5,0,0,3.15,1,3,1
524,87,44,2,0,0,15,0,14,6,2,25,0,5,0,0,3.88,0,3,1
526,79,49,2,0,0,12,1,14,6,0,0,1,3,1,0,3.88,0,3,1
529,79,24,2,0,0,14,1,14,6,2,25,0,5,0,1,3.35,0,3,1
530,79,44,2,0,0,15,0,14,4,0,25,0,5,0,0,3.65,1,3,1
531,79,49,2,0,0,16,1,14,6,2,0,1,5,0,0,3.35,0,3,1
532,79,25,2,0,0,15,1,14,6,0,25,0,5,0,0,3.35,0,3,1
533,79,16,3,0,0,15,1,14,6,2,19,1,5,0,1,3.95,0,3,1
534,79,50,2,0,0,15,1,14,6,2,25,0,5,0,0,3.86,0,3,1
536,79,50,2,0,0,15,1,14,6,0,25,0,5,0,1,3.23,0,1,0
537,79,15,3,0,0,15,0,14,1,2,5,1,2,1,1,2.65,1,3,1
538,79,52,1,0,0,15,1,14,6,2,25,0,5,0,0,3.15,0,1,0
539,79,52,1,0,0,15,1,14,6,2,25,0,5,0,1,3.5,1,0,0
540,79,44,2,0,0,15,0,14,6,2,11,1,5,0,1,3.19,1,0,0
541,79,49,2,0,0,16,1,14,6,2,25,0,5,0,1,4,1,3,1
542,79,15,3,0,0,15,0,14,1,2,3,1,5,0,0,3.65,1,3,1
543,79,31,2,0,0,16,0,14,6,2,5,1,5,0,1,3.88,0,3,1
544,79,44,2,0,0,15,0,14,6,0,25,0,5,0,1,3.5,0,3,1
546,79,59,0,0,0,16,1,14,6,2,25,0,5,0,1,3.15,1,3,1
547,79,59,0,0,0,15,0,14,6,2,25,0,5,0,1,3.15,0,0,0
563,87,57,3,0,0,16,1,14,6,2,19,1,5,0,0,3.875,0,0,0
564,87,24,2,0,0,13,1,14,6,2,22,1,5,0,0,3.75,0,3,1
565,87,59,0,0,0,16,1,14,6,2,25,0,5,0,0,3.49,1,0,0
566,87,52,1,0,0,16,1,14,6,2,22,1,5,0,1,3.35,0,3,1
568,87,44,2,0,0,15,1,14,1,2,25,0,5,0,0,3.65,1,3,1
569,87,49,2,0,0,16,1,14,6,2,25,0,5,0,1,3.07,1,3,1
570,87,52,1,0,0,15,0,14,6,2,5,1,5,0,0,3.24,0,3,1
571,87,49,2,0,0,16,1,14,6,2,25,0,5,0,0,3.09,0,3,1
572,87,55,1,0,0,16,1,14,6,2,25,0,5,0,1,2.85,1,3,1
573,87,32,2,0,0,16,1,14,6,2,25,0,5,0,1,3.35,1,3,1
574,87,49,2,0,0,16,1,14,6,2,25,0,5,0,1,3,1,3,1
575,87,44,2,0,0,15,0,14,2,0,25,0,5,0,1,0,1,0,0
576,87,49,2,0,0,16,1,14,2,2,25,0,5,0,1,3,1,3,1
577,87,35,3,0,0,16,1,14,6,0,25,0,5,0,0,3.99,0,3,1
578,87,11,3,0,0,16,0,14,6,2,25,0,5,0,0,3.43,1,3,1
579,87,33,2,0,0,16,1,14,4,2,25,0,5,0,0,3,0,3,1
580,87,49,2,0,0,16,0,14,6,2,25,0,5,0,0,3.65,1,0,0
581,87,49,2,0,0,16,1,14,2,2,25,0,5,0,1,3.21,1,0,0
582,87,19,1,0,0,14,0,14,6,2,25,0,5,0,0,3,1,3,1
583,87,8,3,0,0,12,0,14,6,2,5,1,5,0,1,2.65,0,0,0
647,87,5,1,0,0,17,1,14,6,2,20,1,5,0,0,3.88,0,3,1
649,79,50,2,0,0,15,1,14,6,2,25,0,5,0,0,3.52,0,3,1
650,79,50,2,0,0,18,1,14,6,2,24,1,5,0,0,3.73,0,3,1
653,79,24,2,0,0,14,1,14,6,2,25,0,5,0,1,3.72,1,3,1
657,87,24,2,0,0,16,1,14,6,2,16,1,5,0,1,4,1,3,1
658,87,33,2,0,0,16,1,14,6,2,25,0,5,0,0,3.83,0,3,1
664,87,55,1,0,0,12,1,14,6,2,0,1,5,0,0,3.54,0,3,1
665,79,37,1,0,0,15,0,14,1,2,5,1,5,0,1,3.2,1,3,1
668,87,52,1,0,0,16,1,14,6,2,19,1,5,0,0,3.95,1,0,0
676,79,4,1,0,0,15,1,14,6,2,16,1,5,0,0,3.64,0,3,1
679,79,50,2,0,0,15,1,14,6,2,16,1,5,0,0,3.7,1,3,1
680,79,54,1,0,0,16,1,14,6,2,16,1,5,0,0,3.88,0,3,1
681,79,49,2,0,0,16,1,14,2,2,25,0,5,0,0,3.7,0,3,1
682,79,50,2,0,0,15,1,14,6,2,25,0,5,0,1,3.64,1,0,0
683,79,37,1,0,0,15,0,14,6,2,5,1,5,0,1,2.64,0,3,1
684,79,59,0,0,0,16,1,14,2,2,16,1,5,0,1,2.5,0,1,0
685,79,32,2,0,0,16,1,14,2,2,25,0,5,0,1,0,1,1,0
686,79,45,1,0,0,14,1,14,6,0,25,0,5,0,0,2.76,0,0,0
693,87,18,3,0,0,16,0,14,6,2,9,1,5,0,0,2.61,0,3,1
694,87,16,3,0,0,16,1,14,6,2,20,1,5,0,1,3.88,0,3,1
709,87,0,3,1,1,15,0,15,6,2,12,1,5,0,1,3.94,0,3,1
713,79,58,1,0,0,12,0,17,6,0,2,1,5,0,0,3.91,0,3,1
716,87,57,3,0,0,15,0,17,1,2,5,1,5,0,1,2.4,0,0,0
719,79,52,1,0,0,12,1,14,2,2,25,0,5,0,0,3.35,0,0,0
720,79,52,1,0,0,12,1,14,6,2,25,0,5,0,0,3.49,0,0,0
721,79,55,1,0,0,15,1,14,6,0,25,0,5,0,0,3.33,1,3,1
722,79,4,1,0,0,14,0,14,6,2,12,1,5,0,0,3.65,1,3,1
723,79,4,1,0,0,15,0,14,3,0,25,0,5,0,0,3.15,0,3,1
724,79,4,1,0,0,15,1,14,6,0,0,1,5,0,1,3.75,0,3,1
725,79,4,1,0,0,15,1,14,6,0,25,0,5,0,1,3.35,1,3,1
726,79,6,1,0,0,17,0,14,6,0,25,0,5,0,1,3.65,0,3,1
727,79,4,1,0,1,15,1,14,6,2,25,0,5,0,0,4,0,0,0
731,87,4,1,0,0,15,0,14,3,0,25,0,5,0,0,3.65,0,3,1
733,87,5,1,0,0,14,1,14,6,2,25,0,5,0,0,3.95,1,3,1
734,87,4,1,0,0,15,0,14,6,2,25,0,5,0,0,3.88,0,3,1
735,87,4,1,0,0,15,1,14,4,2,20,1,5,0,0,4,0,3,1
736,87,4,1,0,0,15,1,14,6,1,25,0,5,0,1,3.87,0,3,1
737,87,3,1,0,0,15,1,14,6,2,25,0,5,0,0,3.88,1,3,1
738,87,4,1,0,0,15,1,14,6,2,25,0,5,0,1,3.44,1,3,1
739,87,4,1,0,0,15,1,14,3,0,25,0,5,0,1,3.97,1,0,0
764,87,52,1,0,0,15,0,14,6,2,25,0,5,0,1,2.68,1,3,1
765,79,52,1,0,0,15,1,14,6,0,25,0,5,0,1,3,0,3,1
767,87,41,1,0,1,16,1,14,6,2,25,0,5,0,0,4,0,3,1
768,79,13,3,0,0,15,0,14,6,0,6,1,1,1,1,3.5,0,3,1
769,87,3,1,0,0,15,1,14,6,2,25,0,5,0,0,4,0,3,1
771,79,13,3,0,0,16,0,14,6,0,25,0,5,0,0,3.42,1,3,1
772,79,50,2,0,0,18,1,14,6,2,25,0,5,0,0,4,0,3,1
773,79,49,2,0,1,15,1,14,6,0,25,0,5,0,1,3.93,0,3,1
776,79,50,2,0,0,12,1,14,6,0,25,0,5,0,0,3.82,1,3,1
777,79,50,2,0,0,17,1,14,6,2,25,0,5,0,0,3.54,1,3,1
778,79,50,2,0,0,17,1,14,6,0,25,0,5,0,0,3.35,1,3,1
779,87,50,2,0,0,15,1,14,6,0,25,0,5,0,0,3.63,0,3,1
780,87,50,2,0,0,16,1,14,6,0,25,0,5,0,0,3.69,0,3,1
781,87,54,1,0,0,15,1,14,6,2,25,0,5,0,0,4,1,3,1
783,87,20,1,1,0,15,1,14,6,2,22,1,5,0,0,4,0,3,1
785,87,28,1,1,0,18,1,14,4,0,0,1,3,1,0,3.15,1,3,1
786,87,56,2,1,1,18,1,14,6,2,25,0,5,0,0,4,0,3,1
787,87,25,2,1,0,16,1,14,6,0,25,0,5,0,1,3.94,0,3,1
791,79,37,1,0,0,15,1,14,6,2,25,0,5,0,1,3.18,1,0,0
792,79,57,3,0,0,12,1,14,6,0,15,1,5,0,1,3.91,0,3,1
793,79,32,2,0,0,16,1,14,6,0,25,0,5,0,0,3.95,0,3,1
794,79,9,3,0,0,16,1,14,6,2,25,0,5,0,1,4,0,3,1
795,79,52,1,0,0,15,1,14,6,2,25,0,5,0,1,3.75,0,3,1
796,79,49,2,0,1,16,1,14,6,0,25,0,5,0,1,3.75,0,3,1
797,79,49,2,0,0,16,1,14,6,0,25,0,5,0,1,3.5,1,0,0
799,79,53,1,0,1,15,1,14,6,2,25,0,5,0,0,3.89,0,3,1
800,79,44,2,0,0,15,1,14,6,2,25,0,5,0,1,3.88,1,3,1
801,79,30,3,0,0,16,1,14,6,2,25,0,5,0,1,3.75,1,3,1
804,79,54,1,0,0,16,0,14,1,2,25,0,5,0,1,3.15,1,3,1
805,79,50,2,0,1,15,1,14,6,2,25,0,5,0,0,3.88,0,3,1
806,79,33,2,0,0,13,1,14,6,2,25,0,5,0,1,4,0,1,0
808,79,30,3,0,0,16,1,14,6,2,23,1,5,0,0,3.88,0,3,1
809,79,54,1,0,1,16,0,14,6,2,25,0,5,0,1,3.78,0,3,1
810,79,49,2,0,0,16,1,14,6,2,25,0,5,0,0,3.35,1,3,1
811,79,44,2,0,0,15,1,14,6,0,25,0,5,0,1,3.99,0,3,1
812,79,39,1,0,0,15,0,14,6,1,25,0,5,0,1,3.99,0,3,1
813,79,30,3,0,0,16,1,14,0,2,20,1,5,0,1,3.95,0,3,1
814,79,16,3,0,1,16,1,14,6,0,16,1,5,0,0,4,0,3,1
815,79,30,3,0,1,16,1,14,6,0,25,0,5,0,0,3.88,0,3,1
816,79,33,2,0,0,13,1,14,6,0,25,0,5,0,0,3.91,1,3,1
817,79,52,1,0,0,16,1,14,6,2,25,0,5,0,1,3.5,1,0,0
818,79,44,2,0,0,12,1,14,6,0,25,0,5,0,0,3.03,1,3,1
820,79,44,2,0,0,15,1,14,6,2,20,1,5,0,0,3.65,0,3,1
821,79,50,2,0,0,15,1,14,6,0,25,0,5,0,0,3.84,0,1,0
823,79,25,2,0,0,15,1,14,6,2,25,0,5,0,0,3.87,0,3,1
824,79,49,2,0,1,16,0,14,6,0,9,1,5,0,0,3.91,0,3,1
825,79,44,2,0,0,15,1,14,6,0,25,0,5,0,0,3.95,0,3,1
826,79,49,2,0,1,16,1,14,6,2,25,0,5,0,1,3.88,0,3,1
827,79,38,1,0,0,16,0,14,6,0,25,0,5,0,1,2.65,0,3,1
828,79,33,2,0,0,16,1,14,6,0,25,0,5,0,0,3.5,0,3,1
829,79,44,2,0,0,15,1,14,6,0,25,0,5,0,0,4,0,0,0
830,79,50,2,0,0,15,1,14,6,2,25,0,5,0,0,3.89,0,3,1
831,79,16,3,0,0,15,0,14,6,2,25,0,5,0,0,3.95,0,3,1
832,79,0,3,0,0,15,0,14,6,2,25,0,5,0,0,2.61,1,3,1
833,79,33,2,0,0,16,0,14,6,0,4,1,2,1,1,3,1,0,0
834,79,59,0,0,0,16,1,14,6,0,25,0,5,0,1,3.2,0,1,0
835,79,49,2,0,0,16,0,14,2,2,25,0,5,0,1,4,1,0,0
836,79,46,1,0,0,17,0,14,1,2,11,1,5,0,0,3.5,1,3,1
837,79,29,1,0,0,15,1,14,6,0,25,0,5,0,0,3.75,1,0,0
838,79,49,2,0,0,16,0,14,6,2,25,0,5,0,1,3.35,0,3,1
839,79,8,3,0,0,15,1,14,6,1,23,1,5,0,0,4,1,3,1
840,79,32,2,0,0,16,1,14,6,0,25,0,5,0,1,3.88,0,3,1
841,79,52,1,0,0,16,1,14,1,1,25,0,5,0,1,2.85,1,3,1
842,79,44,2,0,0,15,0,14,6,0,25,0,5,0,1,3.55,1,3,1
843,79,59,0,0,0,16,0,14,1,0,25,0,5,0,1,0,1,1,0
845,79,22,1,0,0,16,0,14,6,0,11,1,5,0,0,3.77,0,0,0
846,79,8,3,0,0,15,0,14,6,0,7,1,5,0,1,2.65,0,0,0
847,79,30,3,0,0,17,1,14,6,2,25,0,5,0,1,3.78,1,3,1
848,79,49,2,0,0,16,1,14,6,1,25,0,5,0,1,3.45,1,3,1
849,79,29,1,0,0,12,1,14,1,1,25,0,5,0,1,2.83,1,3,1
850,79,49,2,0,0,16,1,14,6,1,25,0,5,0,1,3.54,0,0,0
851,79,59,0,0,0,15,1,14,6,0,25,0,5,0,1,3.69,1,0,0
852,79,41,1,0,0,15,1,14,4,0,25,0,5,0,1,3.5,0,0,0
853,79,53,1,0,0,15,1,14,6,0,25,0,5,0,1,3.15,0,0,0
855,79,33,2,0,0,13,1,14,6,2,25,0,5,0,0,3.97,0,3,1
856,79,17,3,0,0,16,0,14,6,0,25,0,5,0,1,3,0,0,0
857,79,57,3,0,0,15,0,14,6,2,25,0,5,0,1,2.59,1,0,0
858,79,55,1,0,0,15,1,14,2,2,25,0,5,0,1,0,1,0,0
859,79,28,1,0,0,15,1,14,6,0,25,0,5,0,0,2.96,0,0,0
860,79,38,1,0,0,16,0,14,6,0,25,0,5,0,1,4,1,3,1
861,79,59,0,0,0,16,1,14,6,0,25,0,5,0,1,2.52,1,0,0
862,79,57,3,0,0,15,0,14,1,0,25,0,5,0,1,2.85,1,0,0
863,79,50,2,0,0,15,1,14,6,0,25,0,5,0,1,3.48,1,3,1
914,87,57,3,0,0,15,1,14,3,2,20,1,5,0,0,3.75,0,3,1
915,87,59,0,0,0,15,0,14,3,0,2,1,5,0,0,3.5,0,3,1
918,87,41,1,0,0,12,0,14,4,0,25,0,5,0,0,3.75,1,0,0
919,87,49,2,0,0,16,1,14,6,0,0,1,5,0,1,3.65,0,3,1
920,87,35,3,0,0,16,0,14,6,2,10,1,5,0,1,3.78,0,3,1
921,87,33,2,0,0,16,1,14,6,0,25,0,5,0,0,3.75,0,3,1
922,87,57,3,0,0,15,1,14,6,2,15,1,4,1,1,3.15,1,3,1
923,87,33,2,0,0,16,1,14,6,0,25,0,5,0,0,3.65,0,3,1
924,87,2,1,0,0,15,1,14,6,0,25,0,5,0,1,4,0,0,0
925,87,25,2,0,0,15,1,14,6,0,25,0,5,0,1,3.75,0,3,1
926,87,54,1,0,0,16,1,14,6,2,25,0,5,0,0,3.88,1,3,1
927,87,35,3,0,0,16,1,14,6,0,25,0,5,0,0,3.35,1,3,1
928,87,44,2,0,0,15,0,14,6,0,25,0,5,0,0,3.5,0,3,1
929,87,24,2,0,0,16,1,14,6,2,25,0,5,0,1,3.04,0,3,1
930,87,50,2,0,0,15,1,14,6,0,25,0,5,0,0,3.65,0,3,1
931,87,0,3,0,0,15,1,14,6,2,0,1,5,0,0,3.57,0,3,1
932,87,16,3,0,0,16,0,14,6,0,25,0,5,0,0,3.73,1,0,0
933,87,59,0,0,0,16,0,14,6,0,25,0,5,0,0,3.35,0,3,1
934,87,35,3,0,0,13,1,14,6,2,24,1,5,0,0,3.75,0,3,1
935,87,33,2,0,0,16,1,14,6,2,25,0,5,0,0,4,0,3,1
936,87,24,2,0,0,16,1,14,6,2,25,0,5,0,1,4,1,3,1
937,87,25,2,0,0,15,1,14,6,0,25,0,5,0,0,3.65,1,3,1
938,87,44,2,0,0,15,1,14,6,0,25,0,5,0,0,3.88,1,3,1
939,87,56,2,0,0,15,1,14,6,0,25,0,5,0,1,3.82,0,3,1
940,87,24,2,0,0,16,1,14,6,2,25,0,5,0,0,3.5,0,0,0
941,87,49,2,0,0,16,0,14,6,0,25,0,5,0,0,3.75,0,3,1
942,87,53,1,0,0,15,1,14,6,0,25,0,5,0,0,3.12,0,0,0
943,87,15,3,0,0,15,1,14,6,0,25,0,5,0,0,3.75,0,3,1
944,87,44,2,0,0,15,1,14,6,0,13,1,5,0,1,3.99,1,3,1
945,87,11,3,0,0,16,1,14,6,2,25,0,5,0,1,3.5,1,0,0
946,87,44,2,0,0,15,1,14,6,2,25,0,5,0,0,3.7,0,3,1
947,87,49,2,0,0,16,1,14,6,0,25,0,5,0,1,3.26,1,0,0
948,87,28,1,0,0,15,0,14,6,2,10,1,5,0,0,3.65,1,3,1
949,87,29,1,0,0,15,0,14,6,0,25,0,5,0,0,3.15,0,3,1
951,87,41,1,0,0,16,1,14,6,0,1,1,5,0,0,3.5,0,3,1
952,87,23,1,0,0,17,0,14,6,0,25,0,5,0,0,4,1,3,1
953,87,44,2,0,0,15,1,14,6,2,25,0,5,0,1,4,1,3,1
954,87,44,2,0,0,15,1,14,6,2,25,0,5,0,0,3.56,0,3,1
955,87,16,3,0,0,16,0,14,6,0,25,0,5,0,0,3.65,0,3,1
957,87,43,1,0,0,17,1,14,6,0,0,1,5,0,1,3.65,0,3,1
958,87,33,2,0,0,15,1,14,6,1,25,0,5,0,0,3.91,0,3,1
959,87,49,2,0,0,16,0,14,6,1,25,0,5,0,1,3.75,0,3,1
960,87,49,2,0,0,16,0,14,6,2,25,0,5,0,0,3.75,0,3,1
962,87,49,2,0,0,16,0,14,6,2,5,1,5,0,0,4,0,3,1
963,87,40,1,0,0,15,0,14,6,0,25,0,5,0,0,3.22,1,0,0
964,87,59,0,0,0,15,0,14,2,0,25,0,5,0,1,3.95,1,0,0
965,87,35,3,0,0,16,0,14,6,2,4,1,2,1,0,3.57,0,3,1
966,87,0,3,0,0,15,1,14,6,0,25,0,5,0,0,3.56,1,3,1
967,87,49,2,0,0,16,1,14,6,0,25,0,5,0,0,3.88,0,3,1
968,87,52,1,0,0,16,0,14,2,0,25,0,5,0,0,3.65,1,3,1
969,87,7,3,0,0,15,0,14,6,1,25,0,5,0,1,3,1,3,1
970,87,49,2,0,0,16,0,14,6,2,25,0,5,0,0,3.65,0,3,1
971,87,49,2,0,0,16,1,14,6,2,25,0,5,0,0,3.75,1,3,1
972,87,44,2,0,0,15,1,14,6,0,25,0,5,0,0,3.99,0,3,1
973,87,59,0,0,0,13,1,14,2,2,25,0,5,0,1,3.46,0,0,0
974,87,29,1,0,0,15,1,14,6,0,25,0,5,0,0,3.84,0,3,1
975,87,57,3,0,0,15,0,14,4,2,5,1,2,1,0,3,1,3,1
976,87,33,2,0,0,16,1,14,6,0,25,0,5,0,1,3.5,1,3,1
977,87,15,3,0,0,15,1,14,2,0,25,0,5,0,1,2.5,1,3,1
978,87,49,2,0,0,16,1,14,6,0,25,0,5,0,0,3.88,0,3,1
979,87,52,1,0,0,15,0,14,1,2,25,0,5,0,1,2.8,1,0,0
980,87,32,2,0,0,16,1,14,6,0,25,0,5,0,0,3.5,1,0,0
981,87,59,0,0,0,16,1,14,6,0,25,0,5,0,1,3.35,1,3,1
982,87,59,0,0,0,16,1,14,2,2,13,1,5,0,0,2.5,1,0,0
983,87,7,3,0,0,15,0,14,6,0,25,0,5,0,0,3.05,0,3,1
985,87,37,1,0,0,15,0,14,6,0,25,0,5,0,0,3.88,1,3,1
986,87,49,2,0,0,16,1,14,6,2,25,0,5,0,0,3.5,1,3,1
987,87,59,0,0,0,12,0,14,6,0,25,0,5,0,0,4,0,3,1
989,87,49,2,0,0,16,1,14,6,2,25,0,5,0,1,2.8,1,0,0
990,87,28,1,0,0,15,0,14,6,0,25,0,5,0,1,3.33,1,3,1
991,87,15,3,0,0,15,0,14,6,1,9,1,5,0,1,2.52,0,3,1
992,87,8,3,0,0,15,0,14,1,2,25,0,5,0,1,2.53,1,3,1
993,87,25,2,0,0,15,1,14,2,0,25,0,5,0,1,3.88,1,3,1
995,87,49,2,0,0,16,0,14,6,0,5,1,2,1,0,3.55,0,3,1
996,87,57,3,0,0,15,0,14,2,2,4,1,2,1,1,3.35,1,3,1
997,87,59,0,0,0,16,0,14,6,2,25,0,5,0,1,2.2,0,0,0
998,87,45,1,0,0,12,1,14,2,3,25,0,5,0,1,0,1,3,1
1208,79,5,1,0,1,18,1,14,6,2,0,1,5,0,0,3.89,0,3,1
1210,87,1,1,0,1,15,0,14,6,2,4,1,2,1,1,3.95,0,3,1
1211,79,50,2,0,0,18,1,14,6,2,23,1,5,0,1,3.75,0,3,1
1213,79,24,2,0,0,14,1,14,6,2,25,0,5,0,1,3.65,0,3,1
1214,79,16,3,0,0,16,0,14,6,2,5,1,2,1,0,3.75,1,3,1
1215,79,24,2,0,1,14,1,14,6,2,25,0,5,0,1,4,0,3,1
1216,79,49,2,0,0,16,0,14,6,2,5,1,5,0,1,3.92,0,1,0
1217,79,9,3,0,0,16,1,14,6,2,25,0,5,0,1,3.89,0,3,1
1218,79,16,3,0,0,16,0,14,6,2,11,1,5,0,1,3.72,1,3,1
1221,79,44,2,0,0,15,1,14,6,2,25,0,5,0,1,3.88,0,3,1
1222,79,32,2,0,0,16,1,14,0,2,25,0,5,0,1,3.88,0,0,0
1223,79,44,2,0,0,15,1,14,6,2,25,0,5,0,1,3.65,1,3,1
1224,79,57,3,0,0,15,0,14,6,2,10,1,5,0,0,3.35,1,3,1
1225,79,5,1,0,0,15,1,14,6,2,25,0,5,0,0,3.88,0,3,1
1236,87,33,2,0,0,15,1,14,6,2,25,0,5,0,1,3.75,1,3,1
1238,87,29,1,0,0,15,0,14,6,2,2,1,5,0,1,3.5,1,3,1
1239,87,44,2,0,0,15,0,14,6,2,25,0,5,0,0,3.5,0,3,1
1261,79,27,1,0,1,15,1,13,6,2,22,1,5,0,0,3.99,0,3,1
1265,87,41,1,0,0,15,0,11,6,2,25,0,5,0,1,3.97,0,3,1
1267,79,32,2,0,0,16,1,11,6,2,19,1,5,0,0,3.56,0,3,1
1268,79,41,1,0,0,15,0,11,6,0,25,0,5,0,1,2.44,0,0,0
1269,79,14,3,0,0,15,0,11,2,2,3,1,5,0,0,3.64,0,0,0
1271,87,52,1,0,0,16,0,11,6,2,7,1,5,0,1,2.84,0,3,1
1272,87,33,2,0,0,13,1,11,6,2,25,0,5,0,0,3.83,0,3,1
1273,87,16,3,0,0,16,0,11,2,2,25,0,5,0,0,3.71,0,3,1
1282,79,44,2,0,0,15,1,14,6,2,16,1,5,0,1,2.85,0,3,1
1286,79,29,1,0,0,16,0,11,6,2,25,0,5,0,1,3,0,3,1
1287,79,29,1,0,0,15,0,11,6,2,5,1,5,0,0,2.89,1,3,1
1288,79,44,2,0,0,15,1,11,6,2,25,0,5,0,0,3.8,0,3,1
1289,79,24,2,0,0,14,1,11,6,2,25,0,5,0,1,3.9,0,3,1
1290,79,57,3,0,0,16,0,11,2,2,5,1,5,0,0,3.5,0,0,0
1295,87,54,1,0,0,16,1,11,6,2,25,0,5,0,0,4,0,0,0
1296,87,16,3,0,0,16,1,11,6,2,14,1,5,0,0,3.71,0,3,1
1297,87,44,2,0,0,15,0,11,6,2,25,0,5,0,0,3.43,0,3,1
1298,87,7,3,0,0,15,0,11,6,2,3,1,5,0,0,3.92,0,3,1
1317,87,4,1,0,0,15,1,14,2,2,25,0,5,0,0,2.5,1,3,1
1319,87,50,2,0,0,15,1,14,6,2,25,0,5,0,0,3.88,0,3,1
1320,79,44,2,0,1,15,1,12,6,2,25,0,5,0,0,3.88,0,3,1
1321,79,54,1,0,1,16,1,14,6,2,15,1,4,1,1,3.875,0,0,0
1322,79,49,2,0,0,16,1,14,6,2,25,0,5,0,0,2.85,0,3,1
1324,87,59,0,0,0,16,1,12,6,2,20,1,5,0,0,3.15,0,3,1
1325,87,16,3,0,0,16,1,12,6,2,25,0,5,0,0,3.35,0,0,0
1327,87,49,2,0,0,16,1,14,6,0,25,0,5,0,1,3.88,0,3,1
1328,87,26,1,0,0,15,1,14,1,2,25,0,5,0,1,2.85,1,0,0
1330,87,31,2,0,0,16,1,14,1,2,25,0,5,0,1,3.15,1,3,1
1331,87,59,0,0,0,17,1,14,2,0,25,0,5,0,1,2.3,1,3,1
1342,87,5,1,0,0,14,0,14,6,2,5,1,5,0,0,3.875,0,3,1
1345,87,50,2,0,0,18,1,14,2,2,25,0,5,0,0,4.02,0,3,1
1346,87,50,2,0,0,15,1,14,6,2,23,1,5,0,0,3.89,0,3,1
1347,79,56,2,1,0,15,0,14,6,2,5,1,5,0,0,3.45,0,3,1
1350,79,39,1,0,0,12,0,8,6,2,8,1,5,0,1,3.7,0,3,1
1351,79,33,2,0,1,16,1,14,6,2,25,0,5,0,0,3.95,0,3,1
1352,79,50,2,0,0,15,1,14,3,2,25,0,5,0,1,3.95,0,0,0
1353,79,50,2,0,0,15,1,14,6,2,17,1,5,0,1,3.73,0,3,1
1354,79,52,1,0,0,15,0,14,6,2,4,1,2,1,0,3.37,0,3,1
1355,79,25,2,0,0,15,1,14,6,2,21,1,5,0,0,3.43,0,0,0
1356,79,15,3,0,0,15,0,14,1,2,5,1,2,1,1,2.54,1,0,0
1361,87,54,1,0,0,16,1,14,6,2,0,1,5,0,0,3.75,0,3,1
1362,87,57,3,0,0,15,0,14,6,2,2,1,5,0,1,3.5,0,3,1
1363,87,16,3,0,0,16,0,14,6,2,2,1,5,0,0,4,0,3,1
1364,87,8,3,0,0,15,0,14,6,2,2,1,5,0,0,3.1,0,3,1
1365,87,19,1,0,0,17,0,14,6,2,7,1,5,0,0,3.48,0,3,1
1368,87,11,3,0,0,16,1,14,6,2,25,0,5,0,0,3.41,1,3,1
1369,87,49,2,0,0,16,1,14,6,2,16,1,5,0,0,3.91,0,3,1
1394,79,5,1,0,0,12,1,14,6,2,25,0,5,0,1,3.6,0,1,0
1396,79,49,2,0,0,16,0,14,6,2,25,0,5,0,1,3.15,0,0,0
1397,87,26,1,0,0,15,1,14,6,2,25,0,5,0,0,3,1,3,1
1401,79,5,1,0,1,15,1,11,6,2,21,1,5,0,0,4,0,3,1
1402,87,5,1,0,0,14,1,11,6,2,21,1,5,0,0,4,0,3,1
1405,79,50,2,0,1,16,1,11,6,2,25,0,5,0,0,3.85,0,3,1
1406,79,50,2,0,0,18,1,11,6,2,18,1,5,0,0,3.87,0,3,1
1407,79,50,2,0,0,18,1,11,6,2,19,1,5,0,0,3.86,0,3,1
1409,79,50,2,0,0,14,1,11,6,2,25,0,5,0,1,3.8,1,3,1
1413,79,22,1,0,0,15,0,11,6,2,25,0,5,0,1,3.65,0,3,1
1415,79,0,3,0,0,15,0,11,6,2,9,1,5,0,0,3.9,0,3,1
1418,79,49,2,0,1,16,1,11,6,2,21,1,5,0,0,3.83,0,3,1
1419,79,57,3,0,0,15,0,11,6,2,5,1,5,0,0,3.15,1,3,1
1425,87,50,2,0,0,15,1,11,6,2,21,1,5,0,0,3.46,0,3,1
1426,87,35,3,0,0,16,0,11,6,2,4,1,2,1,0,3.82,0,3,1
1427,87,33,2,0,0,16,1,11,0,2,19,1,5,0,0,3.84,0,3,1
1428,87,57,3,0,0,16,0,11,4,2,3,1,5,0,0,3.98,0,3,1
1429,87,24,2,0,0,16,1,11,2,2,0,1,5,0,0,3.83,0,3,1
1430,87,31,2,0,0,15,0,11,2,2,25,0,5,0,0,3,0,3,1
1431,87,38,1,0,0,15,0,11,2,2,25,0,5,0,1,3.14,1,3,1
1448,87,4,1,0,0,15,1,12,2,2,24,1,5,0,0,3.65,0,3,1
1451,79,25,2,0,0,18,1,12,6,0,24,1,5,0,0,3.47,0,3,1
1452,79,56,2,1,0,15,1,12,6,2,24,1,5,0,1,3.77,0,3,1
1456,79,29,1,0,0,15,1,12,6,0,25,0,5,0,0,3.8,0,0,0
1458,79,59,0,0,0,15,0,12,6,2,2,1,5,0,1,3.875,0,1,0
1459,79,48,2,0,0,16,0,12,2,2,3,1,5,0,0,3,1,1,0
1460,79,57,3,0,0,15,0,12,6,2,3,1,5,0,0,3,1,0,0
1464,87,31,2,0,0,16,0,12,6,2,5,1,5,0,1,3.65,0,3,1
1465,87,37,1,0,0,15,0,12,6,2,7,1,5,0,0,3.15,0,3,1
1466,87,57,3,0,0,15,0,12,6,2,2,1,5,0,0,3.15,0,3,1
1467,87,0,3,0,0,15,0,12,6,2,2,1,5,0,0,3.5,0,3,1
1468,87,34,3,0,0,15,1,12,1,2,25,0,5,0,0,3,0,3,1
1469,87,55,1,0,0,16,0,12,6,0,25,0,5,0,0,3,0,3,1
1470,87,25,2,0,0,15,0,12,2,2,3,1,5,0,0,3.5,1,3,1
1479,79,31,2,0,0,16,0,3,1,2,5,1,5,0,1,2.4,1,1,0
1480,79,57,3,0,0,15,0,3,2,2,8,1,5,0,0,2.94,1,0,0
1482,87,40,1,0,0,15,1,3,2,2,14,1,5,0,1,3.61,0,3,1
1483,87,57,3,0,0,12,0,3,1,2,5,1,2,1,1,2.76,1,0,0
1487,79,50,2,0,1,18,1,1,6,2,25,0,5,0,0,3.9,0,3,1
1489,87,50,2,0,0,18,1,1,0,2,25,0,5,0,0,3.75,0,3,1
1490,79,54,1,0,1,16,0,1,6,2,4,1,2,1,0,3.74,0,3,1
1495,79,4,1,0,1,15,1,12,2,2,23,1,5,0,0,3.78,0,3,1
1498,87,15,3,0,0,15,0,7,6,2,2,1,5,0,1,3.34,0,3,1
1500,87,4,1,0,0,14,1,14,6,2,25,0,5,0,0,2.85,0,3,1
1502,79,0,3,0,0,17,1,14,6,2,19,1,5,0,0,3.88,0,3,1
1505,79,8,3,0,0,15,0,14,6,2,3,1,5,0,1,2.7,1,0,0
1506,79,49,2,0,0,16,0,14,6,2,25,0,5,0,0,3.34,0,0,0
1508,79,54,1,0,1,16,1,14,2,2,25,0,5,0,0,3.78,0,0,0
1509,79,54,1,0,1,16,0,14,6,2,25,0,5,0,0,4,0,3,1
1510,79,44,2,0,0,15,1,14,6,2,23,1,5,0,1,3.22,0,3,1
1511,79,9,3,0,0,16,0,14,6,2,12,1,5,0,0,3.93,0,3,1
1512,79,13,3,0,1,15,1,14,2,2,25,0,5,0,0,3.87,0,3,1
1513,79,54,1,0,0,16,1,14,6,2,16,1,5,0,0,4,0,3,1
1514,79,10,3,0,1,15,0,14,6,2,7,1,5,0,0,3.87,0,3,1
1515,79,13,3,0,0,15,0,14,2,2,5,1,5,0,1,2.65,1,3,1
1516,79,37,1,0,0,15,0,14,6,2,4,1,2,1,0,3.12,0,3,1
1525,87,50,2,0,0,15,1,14,6,2,25,0,5,0,0,3.86,0,3,1
1526,87,59,0,0,0,15,0,14,0,2,4,1,5,0,1,3.69,0,3,1
1527,87,11,3,0,0,16,0,14,6,2,4,1,2,1,0,3.95,0,3,1
1528,87,8,3,0,0,15,0,14,6,2,2,1,5,0,1,4,0,3,1
1529,87,44,2,0,0,15,1,14,2,2,0,1,5,0,1,3.31,0,3,1
1530,87,59,0,0,0,16,0,14,6,2,2,1,5,0,1,2.52,0,0,0
1550,79,49,2,0,0,16,0,14,6,2,11,1,5,0,1,3.95,0,3,1
1551,79,49,2,0,0,16,0,14,6,2,25,0,5,0,1,3.7,0,3,1
1552,79,16,3,0,0,16,0,14,6,2,25,0,5,0,1,3.88,0,0,0
1553,79,44,2,0,0,15,1,14,6,2,25,0,5,0,1,3.65,0,1,0
1554,79,49,2,0,0,16,1,14,6,2,25,0,5,0,1,3.35,0,0,0
1555,79,44,2,0,0,15,1,14,6,2,16,1,5,0,0,3.25,1,3,1
1556,79,44,2,0,0,15,1,14,6,2,16,1,5,0,0,3.93,0,3,1
1557,79,28,1,0,0,16,0,14,6,2,25,0,5,0,1,2.85,0,1,0
1564,87,37,1,0,0,15,0,14,6,2,9,1,5,0,1,3.88,0,3,1
1565,87,54,1,0,0,16,1,14,6,2,25,0,5,0,0,3.88,0,3,1
1566,87,35,3,0,0,16,0,14,3,2,9,1,5,0,0,4,0,3,1
1567,87,50,2,0,0,15,0,14,6,2,6,1,5,0,0,4,0,3,1
1568,87,33,2,0,0,13,1,14,6,2,23,1,5,0,0,3.95,0,0,0
1569,87,37,1,0,0,15,0,14,6,2,25,0,5,0,1,4,1,3,1
1570,87,16,3,0,0,16,0,14,6,2,25,0,5,0,0,3.35,0,0,0
1583,87,46,1,0,0,16,0,9,6,2,8,1,5,0,0,3.59,0,3,1
1586,79,50,2,0,1,18,1,11,6,2,25,0,5,0,1,3.88,1,3,1
1588,79,50,2,0,0,17,0,11,6,0,25,0,5,0,0,3.875,0,3,1
1591,79,8,3,0,0,15,0,11,6,2,5,1,5,0,0,3.38,1,3,1
1592,79,15,3,0,0,15,0,11,6,2,5,1,5,0,0,2.85,1,3,1
1596,87,31,2,0,0,13,0,11,6,2,2,1,5,0,0,2.98,0,0,0
1597,87,57,3,0,0,16,0,11,6,2,5,1,5,0,0,3.72,1,3,1
1598,87,8,3,0,0,15,0,11,6,2,7,1,5,0,1,2.85,1,3,1
1599,87,33,2,0,0,16,1,11,2,2,25,0,5,0,0,3.95,0,3,1
1611,87,46,1,0,0,16,0,12,6,2,12,1,5,0,0,3.75,0,3,1
1615,79,50,2,0,0,12,1,12,6,2,15,1,4,1,0,3.65,0,3,1
1617,87,1,1,1,0,15,1,12,6,2,25,0,5,0,1,3.88,1,3,1
1619,87,25,2,1,0,15,1,12,6,2,21,1,5,0,0,3.5,1,3,1
1621,79,38,1,0,0,15,0,12,6,2,25,0,5,0,0,3.5,0,3,1
1623,79,8,3,0,0,15,1,12,6,2,25,0,5,0,1,2.85,0,0,0
1624,79,44,2,0,0,15,1,12,2,2,25,0,5,0,1,3.65,0,3,1
1625,79,49,2,0,0,16,0,12,3,2,25,0,5,0,1,3,0,1,0
1629,87,33,2,0,0,13,0,12,2,2,25,0,5,0,0,3.65,0,3,1
1630,87,49,2,0,0,16,0,12,3,2,25,0,5,0,0,3.35,0,3,1
1631,87,22,1,0,0,16,0,12,6,2,8,1,5,0,0,3.88,0,3,1
1632,87,31,2,0,0,16,0,12,2,2,5,1,5,0,0,3,0,3,1
1633,87,13,3,0,0,15,0,12,6,2,8,1,5,0,0,3.75,0,0,0
1634,87,33,2,0,0,13,1,12,6,2,25,0,5,0,0,4,0,3,1
1648,87,44,2,0,0,15,1,4,6,2,25,0,5,0,0,3.77,0,3,1
1651,87,4,1,0,0,17,1,11,6,2,25,0,5,0,1,2.88,0,3,1
1653,79,50,2,0,0,17,1,11,6,2,25,0,5,0,1,3.31,0,3,1
1654,87,33,2,0,0,16,1,11,6,2,25,0,5,0,0,3.86,0,3,1
1656,79,13,3,0,0,15,0,11,6,2,5,1,5,0,0,3.35,0,3,1
1657,79,52,1,0,0,15,0,11,1,2,5,1,5,0,0,2.54,1,3,1
1659,79,19,1,0,0,14,0,11,6,2,25,0,5,0,0,3.72,0,3,1
1664,87,12,3,0,0,15,0,11,1,2,11,1,5,0,0,3.15,0,0,0
1670,87,59,0,0,0,15,0,14,1,2,5,1,5,0,1,0,1,3,1
1673,79,49,2,0,0,16,1,14,6,2,0,1,5,0,0,3,0,3,1
1674,79,42,1,0,0,13,1,14,6,2,0,1,5,0,0,4,0,3,1
1677,87,29,1,0,0,15,1,14,6,2,25,0,5,0,0,3.5,0,0,0
1678,87,46,1,0,0,16,0,14,6,2,25,0,5,0,0,3.63,0,0,0
1679,87,32,2,0,0,16,1,14,2,2,20,1,5,0,0,3.72,0,3,1
1680,87,44,2,0,0,12,1,14,6,2,24,1,5,0,0,3.68,0,3,1
1681,87,44,2,0,0,17,1,14,6,2,25,0,5,0,0,4,1,3,1
1682,87,57,3,0,0,15,0,14,2,2,5,1,5,0,0,3.35,0,3,1
1683,87,54,1,0,0,15,1,14,6,2,25,0,5,0,0,4,0,3,1
1684,87,49,2,0,0,16,0,14,6,2,25,0,5,0,1,3.27,1,0,0
1685,87,32,2,0,0,16,0,14,6,2,25,0,5,0,1,3.53,0,0,0
1699,79,50,2,0,1,15,0,8,1,2,25,0,5,0,0,3.95,0,3,1
1702,79,41,1,0,0,15,1,17,2,2,23,1,5,0,1,2.93,0,0,0
1703,79,29,1,0,0,16,0,17,1,2,5,1,5,0,1,3.09,0,3,1
1706,87,4,1,0,0,14,1,12,6,2,14,1,5,0,0,3.65,0,3,1
1708,79,22,1,0,0,16,0,12,6,2,25,0,5,0,0,2.65,0,3,1
1709,79,44,2,0,0,15,1,12,6,2,25,0,5,0,0,3.95,0,3,1
1710,79,44,2,0,0,15,1,12,6,2,25,0,5,0,1,3.49,0,3,1
1711,79,50,2,0,0,15,1,12,6,2,25,0,5,0,0,3.97,0,3,1
1712,79,57,3,0,0,15,0,12,6,2,7,1,5,0,0,3.47,0,3,1
1713,79,31,2,0,0,16,0,12,6,2,5,1,5,0,0,3.15,0,3,1
1721,87,33,2,0,0,13,1,12,3,2,25,0,5,0,0,3.75,0,3,1
1722,87,33,2,0,0,16,1,12,6,2,25,0,5,0,1,3.5,1,3,1
1723,87,33,2,0,0,13,1,12,2,2,25,0,5,0,0,3.35,0,3,1
1724,87,33,2,0,0,16,1,12,3,2,25,0,5,0,0,3.15,0,3,1
1725,87,32,2,0,0,16,1,12,6,2,14,1,5,0,0,3.65,0,0,0
1726,87,8,3,0,0,16,0,12,2,2,5,1,5,0,1,2.65,1,0,0
1727,87,52,1,0,0,15,1,12,2,2,25,0,5,0,0,3.35,1,3,1
1747,79,59,0,0,0,16,0,0,2,2,5,1,5,0,1,2.6,0,0,0
1748,79,46,1,0,1,17,1,12,6,2,14,1,5,0,1,3.95,0,3,1
1752,79,4,1,0,0,15,1,14,6,2,25,0,5,0,0,3.95,0,0,0
1753,79,5,1,0,0,17,0,14,6,2,10,1,5,0,0,3.74,0,3,1
1757,79,29,1,0,0,15,0,14,6,0,25,0,5,0,1,3.89,0,3,1
1759,79,9,3,0,0,16,0,14,6,2,25,0,5,0,0,3.95,0,3,1
1761,79,44,2,0,0,15,1,14,6,2,25,0,5,0,1,3.75,0,3,1
1762,79,52,1,0,0,15,1,14,6,2,25,0,5,0,0,3.72,0,3,1
1767,87,24,2,0,0,16,1,14,6,2,25,0,5,0,0,4,1,3,1
1768,87,24,2,0,0,16,1,14,6,2,25,0,5,0,0,4,1,3,1
1769,87,44,2,0,0,15,1,14,6,2,25,0,5,0,1,3.88,0,3,1
1770,87,16,3,0,0,14,0,14,6,2,25,0,5,0,0,4,0,0,0
1771,87,33,2,0,0,16,1,14,6,2,25,0,5,0,0,3.34,0,3,1
1772,87,44,2,0,0,15,1,14,6,2,25,0,5,0,0,3.75,1,3,1
1773,87,52,1,0,0,16,1,14,6,2,25,0,5,0,1,3.95,1,3,1
1774,87,33,2,0,0,16,1,14,6,2,25,0,5,0,1,4,1,3,1
1775,87,49,2,0,0,16,1,14,2,2,23,1,5,0,1,3.75,1,3,1
1776,87,29,1,0,0,15,1,14,6,2,25,0,5,0,0,4,0,3,1
1804,79,49,2,0,1,16,1,14,6,2,25,0,5,0,1,3.85,1,0,0
1805,79,59,0,0,0,16,0,14,6,2,25,0,5,0,0,2.65,1,3,1
1810,79,33,2,0,0,16,1,11,2,2,25,0,5,0,0,3.96,0,3,1
1811,79,52,1,0,0,16,0,11,6,2,25,0,5,0,0,3.15,0,3,1
1814,87,44,2,0,0,15,0,11,6,2,5,1,5,0,1,3.65,0,3,1
1818,87,59,0,0,0,16,1,5,6,2,25,0,5,0,1,2.97,0,0,0
1822,87,31,2,0,0,16,0,17,1,2,5,1,5,0,0,3.58,0,3,1
1824,79,49,2,0,1,13,1,12,6,2,24,1,5,0,0,3.95,0,3,1
1825,79,46,1,0,0,15,1,12,6,2,23,1,5,0,0,3.76,0,3,1
1826,79,13,3,0,1,15,0,12,6,2,7,1,5,0,1,3.98,0,3,1
1827,79,49,2,0,0,16,1,12,6,2,19,1,5,0,1,3.87,0,3,1
1832,87,52,1,0,0,16,1,12,4,2,25,0,5,0,0,2.85,0,0,0
1833,87,49,2,0,0,12,1,12,6,2,24,1,5,0,0,3.35,0,3,1
1834,87,13,3,0,0,15,0,12,2,2,9,1,5,0,0,2.85,1,3,1
1835,87,57,3,0,0,15,0,12,6,2,12,1,5,0,0,3.35,0,3,1
1836,87,46,1,0,0,16,0,12,6,2,7,1,5,0,0,3.5,0,3,1
1837,87,37,1,0,0,16,0,12,6,2,7,1,5,0,0,3.75,1,3,1
1853,79,4,1,0,0,14,1,12,6,2,25,0,5,0,0,3.59,1,3,1
1856,79,32,2,0,0,17,1,14,6,2,25,0,5,0,1,3.65,0,3,1
1858,79,13,3,0,0,15,1,12,6,2,25,0,5,0,0,3.875,1,1,0
1859,79,49,2,0,0,16,1,12,2,2,25,0,5,0,1,3.35,0,0,0
1864,79,52,1,0,0,14,1,14,6,2,25,0,5,0,1,3.7,1,3,1
1866,79,4,1,0,1,16,1,14,6,2,25,0,5,0,0,3.72,1,3,1
1867,79,4,1,0,0,14,1,14,6,2,25,0,5,0,0,3.71,0,1,0
1872,79,59,0,0,1,15,1,14,6,2,25,0,5,0,0,3.91,0,3,1
1873,79,27,1,0,0,13,1,14,6,2,25,0,5,0,1,3.63,0,3,1
1874,79,49,2,0,1,16,1,14,6,2,23,1,5,0,0,3.79,1,3,1
1876,79,59,0,0,0,16,1,14,6,2,25,0,5,0,0,3.5,1,0,0
1877,79,22,1,0,0,15,0,14,6,2,25,0,5,0,0,3,1,3,1
1878,79,52,1,0,0,16,1,14,6,2,25,0,5,0,1,3.35,1,0,0
1879,79,49,2,0,0,16,1,14,6,2,25,0,5,0,0,3.35,0,3,1
1884,79,49,2,0,0,14,1,14,6,2,25,0,5,0,1,4,1,3,1
1886,87,37,1,0,0,13,0,14,6,2,25,0,5,0,1,2.9,1,3,1
1887,87,16,3,0,0,15,1,14,6,2,25,0,5,0,0,3.67,0,3,1
1888,87,44,2,0,0,12,1,14,6,2,0,1,5,0,0,3.5,1,3,1
1889,87,34,3,0,0,15,1,14,6,2,25,0,5,0,1,3.88,0,3,1
1890,87,38,1,0,0,15,0,14,6,2,25,0,5,0,0,3.35,0,3,1
1911,87,4,1,0,0,18,1,11,2,2,25,0,5,0,1,3.82,0,3,1
1912,87,4,1,0,0,15,1,11,6,2,14,1,5,0,0,3.72,0,3,1
1916,79,44,2,0,0,15,1,11,2,2,0,1,5,0,0,3.29,1,3,1
1917,87,57,3,0,0,15,0,3,1,2,5,1,2,1,1,3.15,1,3,1
1918,87,57,3,0,0,15,0,3,6,2,5,1,5,0,0,3.65,0,3,1
1919,87,57,3,0,0,15,0,3,6,2,2,1,5,0,0,4,1,3,1
1921,87,33,2,0,0,16,1,11,6,2,25,0,5,0,0,3.84,0,3,1
1922,87,57,3,0,0,15,0,11,6,2,5,1,5,0,0,3.13,0,3,1
1923,87,17,3,0,0,15,1,11,6,2,0,1,5,0,1,3.83,0,3,1
1924,87,59,0,0,0,16,0,11,6,2,7,1,5,0,0,3,0,3,1
1925,87,59,0,0,0,16,0,11,6,2,5,1,5,0,1,3.15,1,3,1
1940,87,5,1,0,0,14,1,14,6,2,25,0,5,0,0,4,0,0,0
1941,79,4,1,0,1,17,1,14,6,2,15,1,4,1,0,3.96,0,3,1
1944,87,44,2,0,0,15,1,12,6,2,25,0,5,0,1,3.88,1,3,1
1945,87,24,2,0,0,16,1,12,6,2,19,1,5,0,0,3.65,1,3,1
1950,87,49,2,0,0,16,1,1,6,2,13,1,5,0,0,2.85,0,0,0
1951,79,37,1,0,0,15,0,12,6,2,11,1,5,0,0,3.5,0,3,1
1953,87,46,1,0,0,16,1,12,6,2,25,0,5,0,0,3.88,0,3,1
1954,87,49,2,0,0,16,1,12,6,2,25,0,5,0,1,3.88,0,3,1
1958,79,5,1,0,1,15,1,14,6,2,22,1,5,0,0,3.87,0,3,1
1959,87,4,1,0,0,15,0,14,2,2,8,1,5,0,0,4,0,0,0
1961,87,54,1,0,1,15,1,11,6,2,14,1,5,0,0,3.88,0,3,1
1963,79,57,3,0,0,15,0,14,6,2,8,1,5,0,0,3.5,0,3,1
1965,87,17,3,0,0,15,0,11,6,2,7,1,5,0,0,3.07,0,3,1
1966,87,29,1,0,0,15,0,11,6,2,2,1,5,0,0,3.71,0,3,1
1967,87,59,0,0,0,16,0,11,6,2,25,0,5,0,1,3.69,0,0,0
1969,87,15,3,0,0,15,1,14,6,2,25,0,5,0,1,3.35,0,0,0
1970,87,59,0,0,0,15,0,14,6,2,8,1,5,0,0,3.35,1,3,1
1978,79,47,2,0,1,16,1,14,6,2,21,1,4,1,1,3.8,1,3,1
1981,79,39,1,0,0,15,0,17,2,2,25,0,5,0,1,2.88,0,0,0
1986,87,4,1,0,0,15,0,11,6,2,2,1,5,0,0,3.54,0,3,1
1988,79,0,3,0,0,15,0,11,6,2,4,1,2,1,0,3.7,0,3,1
1990,87,32,2,0,0,16,0,11,6,2,5,1,5,0,0,3.88,0,3,1
1991,87,57,3,0,0,15,0,11,6,2,5,1,5,0,0,3.15,1,0,0
1992,87,56,2,0,0,15,0,11,6,2,5,1,5,0,0,3.35,1,0,0
1997,79,19,1,0,0,16,1,8,6,2,25,0,5,0,1,3.52,0,0,0
1998,87,59,0,0,0,16,1,14,2,2,18,1,5,0,1,2.4,1,0,0
1999,79,36,1,0,0,18,0,14,6,2,25,0,5,0,1,3,0,1,0
2000,79,50,2,0,0,18,1,14,4,2,15,1,4,1,0,3.85,0,3,1
2003,79,28,1,0,0,15,0,12,6,2,12,1,5,0,0,3.15,0,3,1
2005,79,24,2,0,0,14,1,14,6,2,25,0,5,0,0,3.15,1,3,1
2007,79,24,2,0,0,14,1,14,6,2,25,0,5,0,1,3.35,0,1,0
2011,87,44,2,0,0,15,1,14,6,2,25,0,5,0,1,3.5,1,3,1
2012,87,52,1,0,0,15,1,14,4,2,25,0,5,0,0,2.97,1,3,1
2013,87,35,3,0,0,15,0,14,6,2,25,0,5,0,1,4,1,3,1
2014,87,22,1,0,0,16,0,14,6,2,25,0,5,0,0,3.67,0,3,1
2015,87,59,0,0,0,15,0,14,1,2,5,1,5,0,1,2.3,1,3,1
2031,79,55,1,0,0,15,1,12,6,2,15,1,4,1,0,3.88,1,3,1
2034,79,49,2,0,0,16,0,12,6,2,25,0,5,0,0,3.36,0,3,1
2037,87,4,1,0,0,15,0,14,6,0,2,1,5,0,0,3.95,0,3,1
2042,87,56,2,1,0,15,1,14,6,2,25,0,5,0,1,3.5,1,3,1
2045,79,9,3,0,0,16,0,14,6,0,25,0,5,0,1,3.65,0,3,1
2046,79,44,2,0,0,15,1,14,2,0,25,0,5,0,1,3.65,1,3,1
2047,79,25,2,0,0,15,1,14,6,0,25,0,5,0,1,3,1,0,0
2048,79,59,0,0,0,13,1,14,6,0,25,0,5,0,1,2.79,1,0,0
2049,79,59,0,0,0,15,1,14,6,0,25,0,5,0,1,3.93,0,3,1
2050,79,59,0,0,0,16,1,14,2,0,25,0,5,0,1,3.35,0,0,0
2051,79,59,0,0,0,16,1,14,6,0,25,0,5,0,1,2.65,1,0,0
2052,87,44,2,0,0,15,1,12,6,2,16,1,5,0,0,3.5,0,0,0
2057,87,33,2,0,0,15,1,14,6,2,25,0,5,0,0,4,0,3,1
2058,87,52,1,0,0,15,1,14,6,0,23,1,5,0,1,3.35,1,3,1
2059,87,7,3,0,0,15,0,14,6,0,2,1,5,0,0,3.15,0,3,1
2060,87,49,2,0,0,16,1,14,6,2,25,0,5,0,0,3.88,1,3,1
2061,87,8,3,0,0,16,0,14,6,0,5,1,5,0,1,3.88,1,3,1
2062,87,13,3,0,0,15,0,14,6,0,8,1,5,0,0,4,1,3,1
2063,87,40,1,0,0,15,0,14,6,0,12,1,5,0,1,0,1,0,0
2084,87,4,1,0,0,15,1,14,4,2,14,1,5,0,0,4,0,3,1
2086,79,37,1,0,0,15,0,14,6,2,12,1,5,0,0,2.9,0,3,1
2088,87,35,3,0,0,16,0,14,6,2,5,1,0,1,0,3.95,0,3,1
2089,87,44,2,0,0,15,1,14,6,2,25,0,5,0,0,3.88,0,3,1
2090,87,52,1,0,0,14,0,14,6,2,25,0,5,0,1,3.9,1,0,0
2091,87,41,1,0,0,15,0,14,2,2,5,1,2,1,0,2.22,1,3,1
2092,87,41,1,0,0,15,0,14,6,2,7,1,5,0,0,3.02,0,0,0
2093,87,49,2,0,0,16,1,14,6,2,25,0,5,0,0,3.75,0,0,0
